file,line,type,commit,author,date,time,timezone,datetime,depth,length
static/style.css,1,css,395a9d86,Abigail,2024-03-04,10:19:57,-05:00,2024-03-04T10:19:57-05:00,0,5
static/style.css,2,css,395a9d86,Abigail,2024-03-04,10:19:57,-05:00,2024-03-04T10:19:57-05:00,2,69
static/style.css,3,css,395a9d86,Abigail,2024-03-04,10:19:57,-05:00,2024-03-04T10:19:57-05:00,0,23
static/style.css,4,css,395a9d86,Abigail,2024-03-04,10:19:57,-05:00,2024-03-04T10:19:57-05:00,0,0
static/style.css,5,css,395a9d86,Abigail,2024-03-04,10:19:57,-05:00,2024-03-04T10:19:57-05:00,0,0
static/style.css,6,css,395a9d86,Abigail,2024-03-04,10:19:57,-05:00,2024-03-04T10:19:57-05:00,0,4
static/style.css,7,css,395a9d86,Abigail,2024-03-04,10:19:57,-05:00,2024-03-04T10:19:57-05:00,2,43
static/style.css,8,css,395a9d86,Abigail,2024-03-04,10:19:57,-05:00,2024-03-04T10:19:57-05:00,3,42
static/style.css,9,css,395a9d86,Abigail,2024-03-04,10:19:57,-05:00,2024-03-04T10:19:57-05:00,2,0
static/style.css,10,css,395a9d86,Abigail,2024-03-04,10:19:57,-05:00,2024-03-04T10:19:57-05:00,2,23
static/style.css,11,css,395a9d86,Abigail,2024-03-04,10:19:57,-05:00,2024-03-04T10:19:57-05:00,0,15
static/style.css,12,css,395a9d86,Abigail,2024-03-04,10:19:57,-05:00,2024-03-04T10:19:57-05:00,0,18
static/style.css,13,css,395a9d86,Abigail,2024-03-04,10:19:57,-05:00,2024-03-04T10:19:57-05:00,0,11
static/style.css,14,css,395a9d86,Abigail,2024-03-04,10:19:57,-05:00,2024-03-04T10:19:57-05:00,0,31
static/style.css,15,css,395a9d86,Abigail,2024-03-04,10:19:57,-05:00,2024-03-04T10:19:57-05:00,0,0
static/style.css,16,css,395a9d86,Abigail,2024-03-04,10:19:57,-05:00,2024-03-04T10:19:57-05:00,0,0
static/style.css,17,css,395a9d86,Abigail,2024-03-04,10:19:57,-05:00,2024-03-04T10:19:57-05:00,0,23
static/style.css,18,css,395a9d86,Abigail,2024-03-04,10:19:57,-05:00,2024-03-04T10:19:57-05:00,0,8
static/style.css,19,css,395a9d86,Abigail,2024-03-04,10:19:57,-05:00,2024-03-04T10:19:57-05:00,0,23
static/style.css,20,css,395a9d86,Abigail,2024-03-04,10:19:57,-05:00,2024-03-04T10:19:57-05:00,0,0
static/style.css,21,css,395a9d86,Abigail,2024-03-04,10:19:57,-05:00,2024-03-04T10:19:57-05:00,0,0
static/style.css,22,css,395a9d86,Abigail,2024-03-04,10:19:57,-05:00,2024-03-04T10:19:57-05:00,0,9
static/style.css,23,css,395a9d86,Abigail,2024-03-04,10:19:57,-05:00,2024-03-04T10:19:57-05:00,2,12
static/style.css,24,css,395a9d86,Abigail,2024-03-04,10:19:57,-05:00,2024-03-04T10:19:57-05:00,2,58
static/style.css,25,css,395a9d86,Abigail,2024-03-04,10:19:57,-05:00,2024-03-04T10:19:57-05:00,2,58
static/style.css,26,css,395a9d86,Abigail,2024-03-04,10:19:57,-05:00,2024-03-04T10:19:57-05:00,0,0
static/style.css,27,css,395a9d86,Abigail,2024-03-04,10:19:57,-05:00,2024-03-04T10:19:57-05:00,0,0
static/style.css,28,css,395a9d86,Abigail,2024-03-04,10:19:57,-05:00,2024-03-04T10:19:57-05:00,0,7
static/style.css,29,css,395a9d86,Abigail,2024-03-04,10:19:57,-05:00,2024-03-04T10:19:57-05:00,0,23
static/style.css,30,css,395a9d86,Abigail,2024-03-04,10:19:57,-05:00,2024-03-04T10:19:57-05:00,0,0
static/style.css,31,css,395a9d86,Abigail,2024-03-04,10:19:57,-05:00,2024-03-04T10:19:57-05:00,0,0
static/style.css,32,css,395a9d86,Abigail,2024-03-04,10:19:57,-05:00,2024-03-04T10:19:57-05:00,0,16
static/style.css,33,css,395a9d86,Abigail,2024-03-04,10:19:57,-05:00,2024-03-04T10:19:57-05:00,0,45
static/style.css,34,css,395a9d86,Abigail,2024-03-04,10:19:57,-05:00,2024-03-04T10:19:57-05:00,0,0
static/style.css,35,css,395a9d86,Abigail,2024-03-04,10:19:57,-05:00,2024-03-04T10:19:57-05:00,0,0
static/style.css,36,css,395a9d86,Abigail,2024-03-04,10:19:57,-05:00,2024-03-04T10:19:57-05:00,0,12
static/style.css,37,css,395a9d86,Abigail,2024-03-04,10:19:57,-05:00,2024-03-04T10:19:57-05:00,0,24
static/style.css,38,css,395a9d86,Abigail,2024-03-04,10:19:57,-05:00,2024-03-04T10:19:57-05:00,0,0
static/style.css,39,css,395a9d86,Abigail,2024-03-04,10:19:57,-05:00,2024-03-04T10:19:57-05:00,0,0
static/style.css,40,css,395a9d86,Abigail,2024-03-04,10:19:57,-05:00,2024-03-04T10:19:57-05:00,0,3
static/style.css,41,css,395a9d86,Abigail,2024-03-04,10:19:57,-05:00,2024-03-04T10:19:57-05:00,2,14
static/style.css,42,css,395a9d86,Abigail,2024-03-04,10:19:57,-05:00,2024-03-04T10:19:57-05:00,0,0
static/style.css,43,css,395a9d86,Abigail,2024-03-04,10:19:57,-05:00,2024-03-04T10:19:57-05:00,0,0
static/style.css,44,css,395a9d86,Abigail,2024-03-04,10:19:57,-05:00,2024-03-04T10:19:57-05:00,0,4
static/style.css,45,css,395a9d86,Abigail,2024-03-04,10:19:57,-05:00,2024-03-04T10:19:57-05:00,2,58
static/style.css,46,css,395a9d86,Abigail,2024-03-04,10:19:57,-05:00,2024-03-04T10:19:57-05:00,0,26
static/style.css,47,css,395a9d86,Abigail,2024-03-04,10:19:57,-05:00,2024-03-04T10:19:57-05:00,0,12
static/style.css,48,css,395a9d86,Abigail,2024-03-04,10:19:57,-05:00,2024-03-04T10:19:57-05:00,0,30
static/style.css,49,css,395a9d86,Abigail,2024-03-04,10:19:57,-05:00,2024-03-04T10:19:57-05:00,0,7
static/style.css,50,css,395a9d86,Abigail,2024-03-04,10:19:57,-05:00,2024-03-04T10:19:57-05:00,0,0
static/style.css,51,css,395a9d86,Abigail,2024-03-04,10:19:57,-05:00,2024-03-04T10:19:57-05:00,0,0
static/style.css,52,css,395a9d86,Abigail,2024-03-04,10:19:57,-05:00,2024-03-04T10:19:57-05:00,0,1
static/style.css,53,css,395a9d86,Abigail,2024-03-04,10:19:57,-05:00,2024-03-04T10:19:57-05:00,0,4
static/style.css,54,css,395a9d86,Abigail,2024-03-04,10:19:57,-05:00,2024-03-04T10:19:57-05:00,0,0
static/style.css,55,css,395a9d86,Abigail,2024-03-04,10:19:57,-05:00,2024-03-04T10:19:57-05:00,0,0
static/style.css,56,css,395a9d86,Abigail,2024-03-04,10:19:57,-05:00,2024-03-04T10:19:57-05:00,0,1
static/style.css,57,css,395a9d86,Abigail,2024-03-04,10:19:57,-05:00,2024-03-04T10:19:57-05:00,0,23
static/style.css,58,css,395a9d86,Abigail,2024-03-04,10:19:57,-05:00,2024-03-04T10:19:57-05:00,0,14
static/style.css,59,css,395a9d86,Abigail,2024-03-04,10:19:57,-05:00,2024-03-04T10:19:57-05:00,0,0
static/style.css,60,css,395a9d86,Abigail,2024-03-04,10:19:57,-05:00,2024-03-04T10:19:57-05:00,0,0
static/style.css,61,css,395a9d86,Abigail,2024-03-04,10:19:57,-05:00,2024-03-04T10:19:57-05:00,0,5
static/style.css,62,css,395a9d86,Abigail,2024-03-04,10:19:57,-05:00,2024-03-04T10:19:57-05:00,0,46
static/style.css,63,css,395a9d86,Abigail,2024-03-04,10:19:57,-05:00,2024-03-04T10:19:57-05:00,0,66
static/style.css,64,css,395a9d86,Abigail,2024-03-04,10:19:57,-05:00,2024-03-04T10:19:57-05:00,0,12
static/style.css,65,css,395a9d86,Abigail,2024-03-04,10:19:57,-05:00,2024-03-04T10:19:57-05:00,0,29
static/style.css,66,css,395a9d86,Abigail,2024-03-04,10:19:57,-05:00,2024-03-04T10:19:57-05:00,0,18
static/style.css,67,css,395a9d86,Abigail,2024-03-04,10:19:57,-05:00,2024-03-04T10:19:57-05:00,0,0
static/style.css,68,css,395a9d86,Abigail,2024-03-04,10:19:57,-05:00,2024-03-04T10:19:57-05:00,0,0
static/style.css,69,css,395a9d86,Abigail,2024-03-04,10:19:57,-05:00,2024-03-04T10:19:57-05:00,0,15
static/style.css,70,css,395a9d86,Abigail,2024-03-04,10:19:57,-05:00,2024-03-04T10:19:57-05:00,0,35
static/style.css,71,css,395a9d86,Abigail,2024-03-04,10:19:57,-05:00,2024-03-04T10:19:57-05:00,0,10
static/style.css,72,css,395a9d86,Abigail,2024-03-04,10:19:57,-05:00,2024-03-04T10:19:57-05:00,0,51
static/style.css,73,css,395a9d86,Abigail,2024-03-04,10:19:57,-05:00,2024-03-04T10:19:57-05:00,0,44
static/style.css,74,css,395a9d86,Abigail,2024-03-04,10:19:57,-05:00,2024-03-04T10:19:57-05:00,0,0
static/style.css,75,css,395a9d86,Abigail,2024-03-04,10:19:57,-05:00,2024-03-04T10:19:57-05:00,0,21
static/style.css,76,css,395a9d86,Abigail,2024-03-04,10:19:57,-05:00,2024-03-04T10:19:57-05:00,0,62
static/style.css,77,css,395a9d86,Abigail,2024-03-04,10:19:57,-05:00,2024-03-04T10:19:57-05:00,0,12
static/style.css,78,css,395a9d86,Abigail,2024-03-04,10:19:57,-05:00,2024-03-04T10:19:57-05:00,0,13
static/style.css,79,css,395a9d86,Abigail,2024-03-04,10:19:57,-05:00,2024-03-04T10:19:57-05:00,0,0
static/style.css,80,css,395a9d86,Abigail,2024-03-04,10:19:57,-05:00,2024-03-04T10:19:57-05:00,0,0
static/global.js,1,js,658088d6,Abigail,2024-03-10,19:41:43,-04:00,2024-03-10T19:41:43-04:00,0,33
static/global.js,2,js,395a9d86,Abigail,2024-03-04,10:19:57,-05:00,2024-03-04T10:19:57-05:00,0,0
static/global.js,3,js,395a9d86,Abigail,2024-03-04,10:19:57,-05:00,2024-03-04T10:19:57-05:00,0,23
static/global.js,4,js,395a9d86,Abigail,2024-03-04,10:19:57,-05:00,2024-03-04T10:19:57-05:00,0,42
static/global.js,5,js,395a9d86,Abigail,2024-03-04,10:19:57,-05:00,2024-03-04T10:19:57-05:00,0,52
static/global.js,6,js,395a9d86,Abigail,2024-03-04,10:19:57,-05:00,2024-03-04T10:19:57-05:00,0,0
static/global.js,7,js,395a9d86,Abigail,2024-03-04,10:19:57,-05:00,2024-03-04T10:19:57-05:00,0,0
static/global.js,8,js,395a9d86,Abigail,2024-03-04,10:19:57,-05:00,2024-03-04T10:19:57-05:00,0,0
static/global.js,9,js,395a9d86,Abigail,2024-03-04,10:19:57,-05:00,2024-03-04T10:19:57-05:00,0,0
static/global.js,10,js,658088d6,Abigail,2024-03-10,19:41:43,-04:00,2024-03-10T19:41:43-04:00,0,49
static/global.js,11,js,658088d6,Abigail,2024-03-10,19:41:43,-04:00,2024-03-10T19:41:43-04:00,0,72
static/global.js,12,js,658088d6,Abigail,2024-03-10,19:41:43,-04:00,2024-03-10T19:41:43-04:00,0,9
static/global.js,13,js,658088d6,Abigail,2024-03-10,19:41:43,-04:00,2024-03-10T19:41:43-04:00,0,11
static/global.js,14,js,658088d6,Abigail,2024-03-10,19:41:43,-04:00,2024-03-10T19:41:43-04:00,0,58
static/global.js,15,js,658088d6,Abigail,2024-03-10,19:41:43,-04:00,2024-03-10T19:41:43-04:00,0,54
static/global.js,16,js,658088d6,Abigail,2024-03-10,19:41:43,-04:00,2024-03-10T19:41:43-04:00,0,52
static/global.js,17,js,658088d6,Abigail,2024-03-10,19:41:43,-04:00,2024-03-10T19:41:43-04:00,0,12
static/global.js,18,js,658088d6,Abigail,2024-03-10,19:41:43,-04:00,2024-03-10T19:41:43-04:00,0,11
static/global.js,19,js,658088d6,Abigail,2024-03-10,19:41:43,-04:00,2024-03-10T19:41:43-04:00,0,3
static/global.js,20,js,395a9d86,Abigail,2024-03-04,10:19:57,-05:00,2024-03-04T10:19:57-05:00,0,0
static/global.js,21,js,658088d6,Abigail,2024-03-10,19:41:43,-04:00,2024-03-10T19:41:43-04:00,0,47
static/global.js,22,js,658088d6,Abigail,2024-03-10,19:41:43,-04:00,2024-03-10T19:41:43-04:00,0,52
static/global.js,23,js,658088d6,Abigail,2024-03-10,19:41:43,-04:00,2024-03-10T19:41:43-04:00,0,61
static/global.js,24,js,658088d6,Abigail,2024-03-10,19:41:43,-04:00,2024-03-10T19:41:43-04:00,0,50
static/global.js,25,js,658088d6,Abigail,2024-03-10,19:41:43,-04:00,2024-03-10T19:41:43-04:00,0,83
static/global.js,26,js,658088d6,Abigail,2024-03-10,19:41:43,-04:00,2024-03-10T19:41:43-04:00,0,36
static/global.js,27,js,658088d6,Abigail,2024-03-10,19:41:43,-04:00,2024-03-10T19:41:43-04:00,0,49
static/global.js,28,js,658088d6,Abigail,2024-03-10,19:41:43,-04:00,2024-03-10T19:41:43-04:00,0,6
static/global.js,29,js,658088d6,Abigail,2024-03-10,19:41:43,-04:00,2024-03-10T19:41:43-04:00,0,4
src/app.html,1,html,7772f86,Abigail,2024-03-03,20:33:26,-05:00,2024-03-03T20:33:26-05:00,0,13
src/app.html,2,html,7772f86,Abigail,2024-03-03,20:33:26,-05:00,2024-03-03T20:33:26-05:00,0,14
src/app.html,3,html,7772f86,Abigail,2024-03-03,20:33:26,-05:00,2024-03-03T20:33:26-05:00,0,4
src/app.html,4,html,7772f86,Abigail,2024-03-03,20:33:26,-05:00,2024-03-03T20:33:26-05:00,0,22
src/app.html,5,html,7772f86,Abigail,2024-03-03,20:33:26,-05:00,2024-03-03T20:33:26-05:00,0,55
src/app.html,6,html,7772f86,Abigail,2024-03-03,20:33:26,-05:00,2024-03-03T20:33:26-05:00,0,68
src/app.html,7,html,7772f86,Abigail,2024-03-03,20:33:26,-05:00,2024-03-03T20:33:26-05:00,0,14
src/app.html,8,html,395a9d86,Abigail,2024-03-04,10:19:57,-05:00,2024-03-04T10:19:57-05:00,0,35
src/app.html,9,html,395a9d86,Abigail,2024-03-04,10:19:57,-05:00,2024-03-04T10:19:57-05:00,0,59
src/app.html,10,html,395a9d86,Abigail,2024-03-04,10:19:57,-05:00,2024-03-04T10:19:57-05:00,0,64
src/app.html,11,html,658088d6,Abigail,2024-03-10,19:41:43,-04:00,2024-03-10T19:41:43-04:00,0,0
src/app.html,12,html,658088d6,Abigail,2024-03-10,19:41:43,-04:00,2024-03-10T19:41:43-04:00,0,6
src/app.html,13,html,658088d6,Abigail,2024-03-10,19:41:43,-04:00,2024-03-10T19:41:43-04:00,0,34
src/app.html,14,html,658088d6,Abigail,2024-03-10,19:41:43,-04:00,2024-03-10T19:41:43-04:00,0,57
src/app.html,15,html,658088d6,Abigail,2024-03-10,19:41:43,-04:00,2024-03-10T19:41:43-04:00,0,50
src/app.html,16,html,658088d6,Abigail,2024-03-10,19:41:43,-04:00,2024-03-10T19:41:43-04:00,0,7
src/app.html,17,html,658088d6,Abigail,2024-03-10,19:41:43,-04:00,2024-03-10T19:41:43-04:00,0,0
src/app.html,18,html,7772f86,Abigail,2024-03-03,20:33:26,-05:00,2024-03-03T20:33:26-05:00,0,5
src/app.html,19,html,658088d6,Abigail,2024-03-10,19:41:43,-04:00,2024-03-10T19:41:43-04:00,0,0
src/app.html,20,html,7772f86,Abigail,2024-03-03,20:33:26,-05:00,2024-03-03T20:33:26-05:00,0,40
src/app.html,21,html,7772f86,Abigail,2024-03-03,20:33:26,-05:00,2024-03-03T20:33:26-05:00,0,51
src/app.html,22,html,7772f86,Abigail,2024-03-03,20:33:26,-05:00,2024-03-03T20:33:26-05:00,0,5
src/app.html,23,html,7772f86,Abigail,2024-03-03,20:33:26,-05:00,2024-03-03T20:33:26-05:00,0,5
src/routes/+page.svelte,1,svelte,a5482906,Abigail,2024-03-05,23:21:16,-05:00,2024-03-05T23:21:16-05:00,0,6
src/routes/+page.svelte,2,js,a5482906,Abigail,2024-03-05,23:21:16,-05:00,2024-03-05T23:21:16-05:00,2,40
src/routes/+page.svelte,3,js,a5482906,Abigail,2024-03-05,23:21:16,-05:00,2024-03-05T23:21:16-05:00,2,40
src/routes/+page.svelte,4,js,be857f24,Abigail,2024-03-11,21:25:24,-04:00,2024-03-11T21:25:24-04:00,2,32
src/routes/+page.svelte,5,js,be857f24,Abigail,2024-03-11,21:25:24,-04:00,2024-03-11T21:25:24-04:00,2,62
src/routes/+page.svelte,6,svelte,a5482906,Abigail,2024-03-05,23:21:16,-05:00,2024-03-05T23:21:16-05:00,0,7
src/routes/+page.svelte,7,svelte,a5482906,Abigail,2024-03-05,23:21:16,-05:00,2024-03-05T23:21:16-05:00,0,0
src/routes/+page.svelte,8,svelte,395a9d86,Abigail,2024-03-04,10:19:57,-05:00,2024-03-04T10:19:57-05:00,0,11
src/routes/+page.svelte,9,svelte,395a9d86,Abigail,2024-03-04,10:19:57,-05:00,2024-03-04T10:19:57-05:00,0,17
src/routes/+page.svelte,10,svelte,395a9d86,Abigail,2024-03-04,10:19:57,-05:00,2024-03-04T10:19:57-05:00,0,12
src/routes/+page.svelte,11,svelte,395a9d86,Abigail,2024-03-04,10:19:57,-05:00,2024-03-04T10:19:57-05:00,0,0
src/routes/+page.svelte,12,svelte,395a9d86,Abigail,2024-03-04,10:19:57,-05:00,2024-03-04T10:19:57-05:00,0,20
src/routes/+page.svelte,13,svelte,395a9d86,Abigail,2024-03-04,10:19:57,-05:00,2024-03-04T10:19:57-05:00,0,0
src/routes/+page.svelte,14,svelte,395a9d86,Abigail,2024-03-04,10:19:57,-05:00,2024-03-04T10:19:57-05:00,0,204
src/routes/+page.svelte,15,svelte,395a9d86,Abigail,2024-03-04,10:19:57,-05:00,2024-03-04T10:19:57-05:00,0,0
src/routes/+page.svelte,16,svelte,a5482906,Abigail,2024-03-05,23:21:16,-05:00,2024-03-05T23:21:16-05:00,0,78
src/routes/+page.svelte,17,svelte,a5482906,Abigail,2024-03-05,23:21:16,-05:00,2024-03-05T23:21:16-05:00,0,0
src/routes/+page.svelte,18,svelte,658088d6,Abigail,2024-03-10,19:41:43,-04:00,2024-03-10T19:41:43-04:00,0,7
src/routes/+page.svelte,19,svelte,658088d6,Abigail,2024-03-10,19:41:43,-04:00,2024-03-10T19:41:43-04:00,2,22
src/routes/+page.svelte,20,svelte,658088d6,Abigail,2024-03-10,19:41:43,-04:00,2024-03-10T19:41:43-04:00,2,4
src/routes/+page.svelte,21,svelte,658088d6,Abigail,2024-03-10,19:41:43,-04:00,2024-03-10T19:41:43-04:00,4,54
src/routes/+page.svelte,22,svelte,658088d6,Abigail,2024-03-10,19:41:43,-04:00,2024-03-10T19:41:43-04:00,6,15
src/routes/+page.svelte,23,svelte,658088d6,Abigail,2024-03-10,19:41:43,-04:00,2024-03-10T19:41:43-04:00,4,14
src/routes/+page.svelte,24,svelte,658088d6,Abigail,2024-03-10,19:41:43,-04:00,2024-03-10T19:41:43-04:00,6,22
src/routes/+page.svelte,25,svelte,658088d6,Abigail,2024-03-10,19:41:43,-04:00,2024-03-10T19:41:43-04:00,8,16
src/routes/+page.svelte,26,svelte,658088d6,Abigail,2024-03-10,19:41:43,-04:00,2024-03-10T19:41:43-04:00,6,10
src/routes/+page.svelte,27,svelte,be857f24,Abigail,2024-03-11,21:25:24,-04:00,2024-03-11T21:25:24-04:00,8,50
src/routes/+page.svelte,28,svelte,be857f24,Abigail,2024-03-11,21:25:24,-04:00,2024-03-11T21:25:24-04:00,8,2
src/routes/+page.svelte,29,svelte,89b8d2f9,Abigail,2024-03-11,21:26:36,-04:00,2024-03-11T21:26:36-04:00,10,45
src/routes/+page.svelte,30,svelte,89b8d2f9,Abigail,2024-03-11,21:26:36,-04:00,2024-03-11T21:26:36-04:00,10,45
src/routes/+page.svelte,31,svelte,89b8d2f9,Abigail,2024-03-11,21:26:36,-04:00,2024-03-11T21:26:36-04:00,10,58
src/routes/+page.svelte,32,svelte,be857f24,Abigail,2024-03-11,21:25:24,-04:00,2024-03-11T21:25:24-04:00,8,3
src/routes/+page.svelte,33,svelte,658088d6,Abigail,2024-03-10,19:41:43,-04:00,2024-03-10T19:41:43-04:00,6,12
src/routes/+page.svelte,34,svelte,658088d6,Abigail,2024-03-10,19:41:43,-04:00,2024-03-10T19:41:43-04:00,8,15
src/routes/+page.svelte,35,svelte,658088d6,Abigail,2024-03-10,19:41:43,-04:00,2024-03-10T19:41:43-04:00,10,35
src/routes/+page.svelte,36,svelte,658088d6,Abigail,2024-03-10,19:41:43,-04:00,2024-03-10T19:41:43-04:00,8,2
src/routes/+page.svelte,37,svelte,658088d6,Abigail,2024-03-10,19:41:43,-04:00,2024-03-10T19:41:43-04:00,6,6
src/routes/+page.svelte,38,svelte,658088d6,Abigail,2024-03-10,19:41:43,-04:00,2024-03-10T19:41:43-04:00,4,12
src/routes/+page.svelte,39,svelte,658088d6,Abigail,2024-03-10,19:41:43,-04:00,2024-03-10T19:41:43-04:00,6,15
src/routes/+page.svelte,40,svelte,658088d6,Abigail,2024-03-10,19:41:43,-04:00,2024-03-10T19:41:43-04:00,8,35
src/routes/+page.svelte,41,svelte,658088d6,Abigail,2024-03-10,19:41:43,-04:00,2024-03-10T19:41:43-04:00,6,2
src/routes/+page.svelte,42,svelte,658088d6,Abigail,2024-03-10,19:41:43,-04:00,2024-03-10T19:41:43-04:00,4,6
src/routes/+page.svelte,43,svelte,658088d6,Abigail,2024-03-10,19:41:43,-04:00,2024-03-10T19:41:43-04:00,2,5
src/routes/+page.svelte,44,svelte,be857f24,Abigail,2024-03-11,21:25:24,-04:00,2024-03-11T21:25:24-04:00,2,0
src/routes/+page.svelte,45,svelte,658088d6,Abigail,2024-03-10,19:41:43,-04:00,2024-03-10T19:41:43-04:00,0,8
src/routes/+page.svelte,46,svelte,6c662ccc,Abigail,2024-03-06,15:08:27,-05:00,2024-03-06T15:08:27-05:00,0,0
src/routes/+page.svelte,47,svelte,6c662ccc,Abigail,2024-03-06,15:08:27,-05:00,2024-03-06T15:08:27-05:00,0,22
src/routes/+page.svelte,48,svelte,6c662ccc,Abigail,2024-03-06,15:08:27,-05:00,2024-03-06T15:08:27-05:00,0,31
src/routes/+page.svelte,49,svelte,6c662ccc,Abigail,2024-03-06,15:08:27,-05:00,2024-03-06T15:08:27-05:00,2,31
src/routes/+page.svelte,50,svelte,6c662ccc,Abigail,2024-03-06,15:08:27,-05:00,2024-03-06T15:08:27-05:00,4,27
src/routes/+page.svelte,51,svelte,6c662ccc,Abigail,2024-03-06,15:08:27,-05:00,2024-03-06T15:08:27-05:00,4,0
src/routes/+page.svelte,52,svelte,6c662ccc,Abigail,2024-03-06,15:08:27,-05:00,2024-03-06T15:08:27-05:00,2,5
src/routes/+page.svelte,53,svelte,6c662ccc,Abigail,2024-03-06,15:08:27,-05:00,2024-03-06T15:08:27-05:00,0,4
src/routes/+layout.svelte,1,svelte,a5482906,Abigail,2024-03-05,23:21:16,-05:00,2024-03-05T23:21:16-05:00,0,6
src/routes/+layout.svelte,2,js,ef642512,Abigail,2024-03-06,15:20:28,-05:00,2024-03-06T15:20:28-05:00,2,33
src/routes/+layout.svelte,3,js,70c5a3eb,Abigail,2024-03-06,15:37:36,-05:00,2024-03-06T15:37:36-05:00,0,0
src/routes/+layout.svelte,4,js,a5482906,Abigail,2024-03-05,23:21:16,-05:00,2024-03-05T23:21:16-05:00,2,11
src/routes/+layout.svelte,5,js,ef642512,Abigail,2024-03-06,15:20:28,-05:00,2024-03-06T15:20:28-05:00,4,27
src/routes/+layout.svelte,6,js,ef642512,Abigail,2024-03-06,15:20:28,-05:00,2024-03-06T15:20:28-05:00,4,39
src/routes/+layout.svelte,7,js,ef642512,Abigail,2024-03-06,15:20:28,-05:00,2024-03-06T15:20:28-05:00,4,35
src/routes/+layout.svelte,8,js,ef642512,Abigail,2024-03-06,15:20:28,-05:00,2024-03-06T15:20:28-05:00,4,33
src/routes/+layout.svelte,9,js,a5482906,Abigail,2024-03-05,23:21:16,-05:00,2024-03-05T23:21:16-05:00,4,32
src/routes/+layout.svelte,10,js,a5482906,Abigail,2024-03-05,23:21:16,-05:00,2024-03-05T23:21:16-05:00,2,0
src/routes/+layout.svelte,11,js,658088d6,Abigail,2024-03-10,19:41:43,-04:00,2024-03-10T19:41:43-04:00,0,0
src/routes/+layout.svelte,12,js,658088d6,Abigail,2024-03-10,19:41:43,-04:00,2024-03-10T19:41:43-04:00,2,47
src/routes/+layout.svelte,13,js,be857f24,Abigail,2024-03-11,21:25:24,-04:00,2024-03-11T21:25:24-04:00,2,57
src/routes/+layout.svelte,14,js,be857f24,Abigail,2024-03-11,21:25:24,-04:00,2024-03-11T21:25:24-04:00,0,47
src/routes/+layout.svelte,15,js,be857f24,Abigail,2024-03-11,21:25:24,-04:00,2024-03-11T21:25:24-04:00,0,0
src/routes/+layout.svelte,16,js,be857f24,Abigail,2024-03-11,21:25:24,-04:00,2024-03-11T21:25:24-04:00,0,40
src/routes/+layout.svelte,17,js,be857f24,Abigail,2024-03-11,21:25:24,-04:00,2024-03-11T21:25:24-04:00,0,54
src/routes/+layout.svelte,18,svelte,a5482906,Abigail,2024-03-05,23:21:16,-05:00,2024-03-05T23:21:16-05:00,0,7
src/routes/+layout.svelte,19,svelte,a5482906,Abigail,2024-03-05,23:21:16,-05:00,2024-03-05T23:21:16-05:00,0,0
src/routes/+layout.svelte,20,svelte,70c5a3eb,Abigail,2024-03-06,15:37:36,-05:00,2024-03-06T15:37:36-05:00,0,5
src/routes/+layout.svelte,21,css,70c5a3eb,Abigail,2024-03-06,15:37:36,-05:00,2024-03-06T15:37:36-05:00,2,3
src/routes/+layout.svelte,22,css,70c5a3eb,Abigail,2024-03-06,15:37:36,-05:00,2024-03-06T15:37:36-05:00,4,39
src/routes/+layout.svelte,23,css,70c5a3eb,Abigail,2024-03-06,15:37:36,-05:00,2024-03-06T15:37:36-05:00,4,0
src/routes/+layout.svelte,24,css,70c5a3eb,Abigail,2024-03-06,15:37:36,-05:00,2024-03-06T15:37:36-05:00,4,12
src/routes/+layout.svelte,25,css,70c5a3eb,Abigail,2024-03-06,15:37:36,-05:00,2024-03-06T15:37:36-05:00,4,18
src/routes/+layout.svelte,26,css,70c5a3eb,Abigail,2024-03-06,15:37:36,-05:00,2024-03-06T15:37:36-05:00,4,23
src/routes/+layout.svelte,27,css,70c5a3eb,Abigail,2024-03-06,15:37:36,-05:00,2024-03-06T15:37:36-05:00,4,25
src/routes/+layout.svelte,28,css,70c5a3eb,Abigail,2024-03-06,15:37:36,-05:00,2024-03-06T15:37:36-05:00,4,43
src/routes/+layout.svelte,29,css,70c5a3eb,Abigail,2024-03-06,15:37:36,-05:00,2024-03-06T15:37:36-05:00,2,0
src/routes/+layout.svelte,30,css,70c5a3eb,Abigail,2024-03-06,15:37:36,-05:00,2024-03-06T15:37:36-05:00,0,0
src/routes/+layout.svelte,31,css,70c5a3eb,Abigail,2024-03-06,15:37:36,-05:00,2024-03-06T15:37:36-05:00,2,5
src/routes/+layout.svelte,32,css,70c5a3eb,Abigail,2024-03-06,15:37:36,-05:00,2024-03-06T15:37:36-05:00,4,20
src/routes/+layout.svelte,33,css,70c5a3eb,Abigail,2024-03-06,15:37:36,-05:00,2024-03-06T15:37:36-05:00,4,13
src/routes/+layout.svelte,34,css,70c5a3eb,Abigail,2024-03-06,15:37:36,-05:00,2024-03-06T15:37:36-05:00,4,17
src/routes/+layout.svelte,35,css,70c5a3eb,Abigail,2024-03-06,15:37:36,-05:00,2024-03-06T15:37:36-05:00,4,12
src/routes/+layout.svelte,36,css,70c5a3eb,Abigail,2024-03-06,15:37:36,-05:00,2024-03-06T15:37:36-05:00,2,0
src/routes/+layout.svelte,37,css,70c5a3eb,Abigail,2024-03-06,15:37:36,-05:00,2024-03-06T15:37:36-05:00,0,0
src/routes/+layout.svelte,38,css,70c5a3eb,Abigail,2024-03-06,15:37:36,-05:00,2024-03-06T15:37:36-05:00,2,11
src/routes/+layout.svelte,39,css,70c5a3eb,Abigail,2024-03-06,15:37:36,-05:00,2024-03-06T15:37:36-05:00,4,23
src/routes/+layout.svelte,40,css,70c5a3eb,Abigail,2024-03-06,15:37:36,-05:00,2024-03-06T15:37:36-05:00,4,25
src/routes/+layout.svelte,41,css,70c5a3eb,Abigail,2024-03-06,15:37:36,-05:00,2024-03-06T15:37:36-05:00,4,39
src/routes/+layout.svelte,42,css,70c5a3eb,Abigail,2024-03-06,15:37:36,-05:00,2024-03-06T15:37:36-05:00,4,62
src/routes/+layout.svelte,43,css,70c5a3eb,Abigail,2024-03-06,15:37:36,-05:00,2024-03-06T15:37:36-05:00,4,69
src/routes/+layout.svelte,44,css,70c5a3eb,Abigail,2024-03-06,15:37:36,-05:00,2024-03-06T15:37:36-05:00,2,0
src/routes/+layout.svelte,45,svelte,70c5a3eb,Abigail,2024-03-06,15:37:36,-05:00,2024-03-06T15:37:36-05:00,0,6
src/routes/+layout.svelte,46,svelte,70c5a3eb,Abigail,2024-03-06,15:37:36,-05:00,2024-03-06T15:37:36-05:00,0,0
src/routes/+layout.svelte,47,svelte,a5482906,Abigail,2024-03-05,23:21:16,-05:00,2024-03-05T23:21:16-05:00,0,3
src/routes/+layout.svelte,48,svelte,ef642512,Abigail,2024-03-06,15:20:28,-05:00,2024-03-06T15:20:28-05:00,2,16
src/routes/+layout.svelte,49,svelte,70c5a3eb,Abigail,2024-03-06,15:37:36,-05:00,2024-03-06T15:37:36-05:00,4,119
src/routes/+layout.svelte,50,svelte,70c5a3eb,Abigail,2024-03-06,15:37:36,-05:00,2024-03-06T15:37:36-05:00,6,9
src/routes/+layout.svelte,51,svelte,70c5a3eb,Abigail,2024-03-06,15:37:36,-05:00,2024-03-06T15:37:36-05:00,4,2
src/routes/+layout.svelte,52,svelte,ef642512,Abigail,2024-03-06,15:20:28,-05:00,2024-03-06T15:20:28-05:00,2,5
src/routes/+layout.svelte,53,svelte,ef642512,Abigail,2024-03-06,15:20:28,-05:00,2024-03-06T15:20:28-05:00,0,4
src/routes/+layout.svelte,54,svelte,ef642512,Abigail,2024-03-06,15:20:28,-05:00,2024-03-06T15:20:28-05:00,0,0
src/routes/+layout.svelte,55,svelte,658088d6,Abigail,2024-03-10,19:41:43,-04:00,2024-03-10T19:41:43-04:00,0,68
src/routes/+layout.svelte,56,svelte,658088d6,Abigail,2024-03-10,19:41:43,-04:00,2024-03-10T19:41:43-04:00,2,4
src/routes/+layout.svelte,57,svelte,658088d6,Abigail,2024-03-10,19:41:43,-04:00,2024-03-10T19:41:43-04:00,2,33
src/routes/+layout.svelte,58,svelte,658088d6,Abigail,2024-03-10,19:41:43,-04:00,2024-03-10T19:41:43-04:00,4,43
src/routes/+layout.svelte,59,svelte,658088d6,Abigail,2024-03-10,19:41:43,-04:00,2024-03-10T19:41:43-04:00,4,39
src/routes/+layout.svelte,60,svelte,658088d6,Abigail,2024-03-10,19:41:43,-04:00,2024-03-10T19:41:43-04:00,4,37
src/routes/+layout.svelte,61,svelte,658088d6,Abigail,2024-03-10,19:41:43,-04:00,2024-03-10T19:41:43-04:00,2,7
src/routes/+layout.svelte,62,svelte,658088d6,Abigail,2024-03-10,19:41:43,-04:00,2024-03-10T19:41:43-04:00,0,6
src/routes/+layout.svelte,63,svelte,658088d6,Abigail,2024-03-10,19:41:43,-04:00,2024-03-10T19:41:43-04:00,0,0
src/routes/+layout.svelte,64,svelte,ef642512,Abigail,2024-03-06,15:20:28,-05:00,2024-03-06T15:20:28-05:00,0,6
src/routes/resume/+page.svelte,1,svelte,a5482906,Abigail,2024-03-05,23:21:16,-05:00,2024-03-05T23:21:16-05:00,0,11
src/routes/resume/+page.svelte,2,svelte,a5482906,Abigail,2024-03-05,23:21:16,-05:00,2024-03-05T23:21:16-05:00,0,19
src/routes/resume/+page.svelte,3,svelte,a5482906,Abigail,2024-03-05,23:21:16,-05:00,2024-03-05T23:21:16-05:00,0,12
src/routes/resume/+page.svelte,4,svelte,a5482906,Abigail,2024-03-05,23:21:16,-05:00,2024-03-05T23:21:16-05:00,0,0
src/routes/resume/+page.svelte,5,svelte,a5482906,Abigail,2024-03-05,23:21:16,-05:00,2024-03-05T23:21:16-05:00,0,22
src/routes/resume/+page.svelte,6,svelte,a5482906,Abigail,2024-03-05,23:21:16,-05:00,2024-03-05T23:21:16-05:00,0,98
src/routes/resume/+page.svelte,7,svelte,a5482906,Abigail,2024-03-05,23:21:16,-05:00,2024-03-05T23:21:16-05:00,0,80
src/routes/resume/+page.svelte,8,svelte,a5482906,Abigail,2024-03-05,23:21:16,-05:00,2024-03-05T23:21:16-05:00,0,13
src/routes/resume/+page.svelte,9,svelte,a5482906,Abigail,2024-03-05,23:21:16,-05:00,2024-03-05T23:21:16-05:00,0,19
src/routes/resume/+page.svelte,10,svelte,a5482906,Abigail,2024-03-05,23:21:16,-05:00,2024-03-05T23:21:16-05:00,0,22
src/routes/resume/+page.svelte,11,svelte,a5482906,Abigail,2024-03-05,23:21:16,-05:00,2024-03-05T23:21:16-05:00,0,109
src/routes/resume/+page.svelte,12,svelte,a5482906,Abigail,2024-03-05,23:21:16,-05:00,2024-03-05T23:21:16-05:00,0,8
src/routes/resume/+page.svelte,13,svelte,a5482906,Abigail,2024-03-05,23:21:16,-05:00,2024-03-05T23:21:16-05:00,0,7
src/routes/resume/+page.svelte,14,svelte,a5482906,Abigail,2024-03-05,23:21:16,-05:00,2024-03-05T23:21:16-05:00,0,18
src/routes/resume/+page.svelte,15,svelte,a5482906,Abigail,2024-03-05,23:21:16,-05:00,2024-03-05T23:21:16-05:00,0,20
src/routes/resume/+page.svelte,16,svelte,a5482906,Abigail,2024-03-05,23:21:16,-05:00,2024-03-05T23:21:16-05:00,0,18
src/routes/resume/+page.svelte,17,svelte,a5482906,Abigail,2024-03-05,23:21:16,-05:00,2024-03-05T23:21:16-05:00,0,76
src/routes/resume/+page.svelte,18,svelte,a5482906,Abigail,2024-03-05,23:21:16,-05:00,2024-03-05T23:21:16-05:00,0,27
src/routes/resume/+page.svelte,19,svelte,a5482906,Abigail,2024-03-05,23:21:16,-05:00,2024-03-05T23:21:16-05:00,0,18
src/routes/resume/+page.svelte,20,svelte,a5482906,Abigail,2024-03-05,23:21:16,-05:00,2024-03-05T23:21:16-05:00,0,76
src/routes/resume/+page.svelte,21,svelte,a5482906,Abigail,2024-03-05,23:21:16,-05:00,2024-03-05T23:21:16-05:00,0,35
src/routes/resume/+page.svelte,22,svelte,a5482906,Abigail,2024-03-05,23:21:16,-05:00,2024-03-05T23:21:16-05:00,0,18
src/routes/resume/+page.svelte,23,svelte,a5482906,Abigail,2024-03-05,23:21:16,-05:00,2024-03-05T23:21:16-05:00,0,77
src/routes/resume/+page.svelte,24,svelte,a5482906,Abigail,2024-03-05,23:21:16,-05:00,2024-03-05T23:21:16-05:00,0,8
src/routes/projects/+page.svelte,1,svelte,a5482906,Abigail,2024-03-05,23:21:16,-05:00,2024-03-05T23:21:16-05:00,0,6
src/routes/projects/+page.svelte,2,js,a5482906,Abigail,2024-03-05,23:21:16,-05:00,2024-03-05T23:21:16-05:00,2,40
src/routes/projects/+page.svelte,3,js,a5482906,Abigail,2024-03-05,23:21:16,-05:00,2024-03-05T23:21:16-05:00,2,40
src/routes/projects/+page.svelte,4,js,1a50f035,Abigail,2024-03-19,16:29:39,-04:00,2024-03-19T16:29:39-04:00,2,32
src/routes/projects/+page.svelte,5,js,5840c80f,Abigail,2024-03-20,15:48:38,-04:00,2024-03-20T15:48:38-04:00,2,23
src/routes/projects/+page.svelte,6,js,a5482906,Abigail,2024-03-05,23:21:16,-05:00,2024-03-05T23:21:16-05:00,2,20
src/routes/projects/+page.svelte,7,js,5840c80f,Abigail,2024-03-20,15:48:38,-04:00,2024-03-20T15:48:38-04:00,0,0
src/routes/projects/+page.svelte,8,js,5840c80f,Abigail,2024-03-20,15:48:38,-04:00,2024-03-20T15:48:38-04:00,2,13
src/routes/projects/+page.svelte,9,js,5840c80f,Abigail,2024-03-20,15:48:38,-04:00,2024-03-20T15:48:38-04:00,0,0
src/routes/projects/+page.svelte,10,js,5840c80f,Abigail,2024-03-20,15:48:38,-04:00,2024-03-20T15:48:38-04:00,2,35
src/routes/projects/+page.svelte,11,js,5840c80f,Abigail,2024-03-20,15:48:38,-04:00,2024-03-20T15:48:38-04:00,2,48
src/routes/projects/+page.svelte,12,js,5840c80f,Abigail,2024-03-20,15:48:38,-04:00,2024-03-20T15:48:38-04:00,4,10
src/routes/projects/+page.svelte,13,js,5840c80f,Abigail,2024-03-20,15:48:38,-04:00,2024-03-20T15:48:38-04:00,6,59
src/routes/projects/+page.svelte,14,js,5840c80f,Abigail,2024-03-20,15:48:38,-04:00,2024-03-20T15:48:38-04:00,0,42
src/routes/projects/+page.svelte,15,js,5840c80f,Abigail,2024-03-20,15:48:38,-04:00,2024-03-20T15:48:38-04:00,4,0
src/routes/projects/+page.svelte,16,js,5840c80f,Abigail,2024-03-20,15:48:38,-04:00,2024-03-20T15:48:38-04:00,4,0
src/routes/projects/+page.svelte,17,js,5840c80f,Abigail,2024-03-20,15:48:38,-04:00,2024-03-20T15:48:38-04:00,4,10
src/routes/projects/+page.svelte,18,js,5840c80f,Abigail,2024-03-20,15:48:38,-04:00,2024-03-20T15:48:38-04:00,2,1
src/routes/projects/+page.svelte,19,js,5840c80f,Abigail,2024-03-20,15:48:38,-04:00,2024-03-20T15:48:38-04:00,0,0
src/routes/projects/+page.svelte,20,js,5840c80f,Abigail,2024-03-20,15:48:38,-04:00,2024-03-20T15:48:38-04:00,2,54
src/routes/projects/+page.svelte,21,js,5840c80f,Abigail,2024-03-20,15:48:38,-04:00,2024-03-20T15:48:38-04:00,4,17
src/routes/projects/+page.svelte,22,js,5840c80f,Abigail,2024-03-20,15:48:38,-04:00,2024-03-20T15:48:38-04:00,6,35
src/routes/projects/+page.svelte,23,js,5840c80f,Abigail,2024-03-20,15:48:38,-04:00,2024-03-20T15:48:38-04:00,4,0
src/routes/projects/+page.svelte,24,js,5840c80f,Abigail,2024-03-20,15:48:38,-04:00,2024-03-20T15:48:38-04:00,4,42
src/routes/projects/+page.svelte,25,js,5840c80f,Abigail,2024-03-20,15:48:38,-04:00,2024-03-20T15:48:38-04:00,2,1
src/routes/projects/+page.svelte,26,js,5840c80f,Abigail,2024-03-20,15:48:38,-04:00,2024-03-20T15:48:38-04:00,0,0
src/routes/projects/+page.svelte,27,js,5840c80f,Abigail,2024-03-20,15:48:38,-04:00,2024-03-20T15:48:38-04:00,2,22
src/routes/projects/+page.svelte,28,js,5840c80f,Abigail,2024-03-20,15:48:38,-04:00,2024-03-20T15:48:38-04:00,0,0
src/routes/projects/+page.svelte,29,js,5840c80f,Abigail,2024-03-20,15:48:38,-04:00,2024-03-20T15:48:38-04:00,2,2
src/routes/projects/+page.svelte,30,js,5840c80f,Abigail,2024-03-20,15:48:38,-04:00,2024-03-20T15:48:38-04:00,4,10
src/routes/projects/+page.svelte,31,js,5840c80f,Abigail,2024-03-20,15:48:38,-04:00,2024-03-20T15:48:38-04:00,4,68
src/routes/projects/+page.svelte,32,js,5840c80f,Abigail,2024-03-20,15:48:38,-04:00,2024-03-20T15:48:38-04:00,0,0
src/routes/projects/+page.svelte,33,js,5840c80f,Abigail,2024-03-20,15:48:38,-04:00,2024-03-20T15:48:38-04:00,4,43
src/routes/projects/+page.svelte,34,js,5840c80f,Abigail,2024-03-20,15:48:38,-04:00,2024-03-20T15:48:38-04:00,4,35
src/routes/projects/+page.svelte,35,js,5840c80f,Abigail,2024-03-20,15:48:38,-04:00,2024-03-20T15:48:38-04:00,2,1
src/routes/projects/+page.svelte,36,js,5840c80f,Abigail,2024-03-20,15:48:38,-04:00,2024-03-20T15:48:38-04:00,2,0
src/routes/projects/+page.svelte,37,js,5840c80f,Abigail,2024-03-20,15:48:38,-04:00,2024-03-20T15:48:38-04:00,0,0
src/routes/projects/+page.svelte,38,js,5840c80f,Abigail,2024-03-20,15:48:38,-04:00,2024-03-20T15:48:38-04:00,2,25
src/routes/projects/+page.svelte,39,js,5840c80f,Abigail,2024-03-20,15:48:38,-04:00,2024-03-20T15:48:38-04:00,2,15
src/routes/projects/+page.svelte,40,js,5840c80f,Abigail,2024-03-20,15:48:38,-04:00,2024-03-20T15:48:38-04:00,2,81
src/routes/projects/+page.svelte,41,js,5840c80f,Abigail,2024-03-20,15:48:38,-04:00,2024-03-20T15:48:38-04:00,0,0
src/routes/projects/+page.svelte,42,svelte,a5482906,Abigail,2024-03-05,23:21:16,-05:00,2024-03-05T23:21:16-05:00,0,7
src/routes/projects/+page.svelte,43,svelte,a5482906,Abigail,2024-03-05,23:21:16,-05:00,2024-03-05T23:21:16-05:00,0,0
src/routes/projects/+page.svelte,44,svelte,395a9d86,Abigail,2024-03-04,10:19:57,-05:00,2024-03-04T10:19:57-05:00,0,11
src/routes/projects/+page.svelte,45,svelte,395a9d86,Abigail,2024-03-04,10:19:57,-05:00,2024-03-04T10:19:57-05:00,0,21
src/routes/projects/+page.svelte,46,svelte,395a9d86,Abigail,2024-03-04,10:19:57,-05:00,2024-03-04T10:19:57-05:00,0,12
src/routes/projects/+page.svelte,47,svelte,395a9d86,Abigail,2024-03-04,10:19:57,-05:00,2024-03-04T10:19:57-05:00,0,0
src/routes/projects/+page.svelte,48,svelte,5840c80f,Abigail,2024-03-20,15:48:38,-04:00,2024-03-20T15:48:38-04:00,0,59
src/routes/projects/+page.svelte,49,svelte,5840c80f,Abigail,2024-03-20,15:48:38,-04:00,2024-03-20T15:48:38-04:00,0,0
src/routes/projects/+page.svelte,50,svelte,5840c80f,Abigail,2024-03-20,15:48:38,-04:00,2024-03-20T15:48:38-04:00,0,0
src/routes/projects/+page.svelte,51,svelte,5840c80f,Abigail,2024-03-20,15:48:38,-04:00,2024-03-20T15:48:38-04:00,0,37
src/routes/projects/+page.svelte,52,svelte,5840c80f,Abigail,2024-03-20,15:48:38,-04:00,2024-03-20T15:48:38-04:00,2,60
src/routes/projects/+page.svelte,53,svelte,5840c80f,Abigail,2024-03-20,15:48:38,-04:00,2024-03-20T15:48:38-04:00,0,0
src/routes/projects/+page.svelte,54,svelte,5840c80f,Abigail,2024-03-20,15:48:38,-04:00,2024-03-20T15:48:38-04:00,0,0
src/routes/projects/+page.svelte,55,svelte,a5482906,Abigail,2024-03-05,23:21:16,-05:00,2024-03-05T23:21:16-05:00,0,0
src/routes/projects/+page.svelte,56,svelte,395a9d86,Abigail,2024-03-04,10:19:57,-05:00,2024-03-04T10:19:57-05:00,0,10
src/routes/projects/+page.svelte,57,svelte,395a9d86,Abigail,2024-03-04,10:19:57,-05:00,2024-03-04T10:19:57-05:00,0,50
src/routes/projects/+page.svelte,58,svelte,395a9d86,Abigail,2024-03-04,10:19:57,-05:00,2024-03-04T10:19:57-05:00,0,18
src/routes/projects/+page.svelte,59,svelte,395a9d86,Abigail,2024-03-04,10:19:57,-05:00,2024-03-04T10:19:57-05:00,0,57
src/routes/projects/+page.svelte,60,svelte,395a9d86,Abigail,2024-03-04,10:19:57,-05:00,2024-03-04T10:19:57-05:00,0,0
src/routes/projects/+page.svelte,61,svelte,5840c80f,Abigail,2024-03-20,15:48:38,-04:00,2024-03-20T15:48:38-04:00,0,38
src/routes/projects/+page.svelte,62,svelte,395a9d86,Abigail,2024-03-04,10:19:57,-05:00,2024-03-04T10:19:57-05:00,0,20
src/routes/projects/+page.svelte,63,svelte,5840c80f,Abigail,2024-03-20,15:48:38,-04:00,2024-03-20T15:48:38-04:00,2,25
src/routes/projects/+page.svelte,64,svelte,c1af8efd,Abigail,2024-03-06,15:23:57,-05:00,2024-03-06T15:23:57-05:00,4,18
src/routes/projects/+page.svelte,65,svelte,a5482906,Abigail,2024-03-05,23:21:16,-05:00,2024-03-05T23:21:16-05:00,2,5
src/routes/projects/+page.svelte,66,svelte,5840c80f,Abigail,2024-03-20,15:48:38,-04:00,2024-03-20T15:48:38-04:00,0,4
src/routes/contact/+page.svelte,1,svelte,395a9d86,Abigail,2024-03-04,10:19:57,-05:00,2024-03-04T10:19:57-05:00,0,11
src/routes/contact/+page.svelte,2,svelte,395a9d86,Abigail,2024-03-04,10:19:57,-05:00,2024-03-04T10:19:57-05:00,0,23
src/routes/contact/+page.svelte,3,svelte,395a9d86,Abigail,2024-03-04,10:19:57,-05:00,2024-03-04T10:19:57-05:00,0,12
src/routes/contact/+page.svelte,4,svelte,395a9d86,Abigail,2024-03-04,10:19:57,-05:00,2024-03-04T10:19:57-05:00,0,0
src/routes/contact/+page.svelte,5,svelte,395a9d86,Abigail,2024-03-04,10:19:57,-05:00,2024-03-04T10:19:57-05:00,0,12
src/routes/contact/+page.svelte,6,svelte,395a9d86,Abigail,2024-03-04,10:19:57,-05:00,2024-03-04T10:19:57-05:00,0,21
src/routes/contact/+page.svelte,7,svelte,395a9d86,Abigail,2024-03-04,10:19:57,-05:00,2024-03-04T10:19:57-05:00,0,72
src/routes/contact/+page.svelte,8,svelte,395a9d86,Abigail,2024-03-04,10:19:57,-05:00,2024-03-04T10:19:57-05:00,2,67
src/routes/contact/+page.svelte,9,svelte,395a9d86,Abigail,2024-03-04,10:19:57,-05:00,2024-03-04T10:19:57-05:00,2,41
src/routes/contact/+page.svelte,10,svelte,395a9d86,Abigail,2024-03-04,10:19:57,-05:00,2024-03-04T10:19:57-05:00,2,37
src/routes/contact/+page.svelte,11,svelte,395a9d86,Abigail,2024-03-04,10:19:57,-05:00,2024-03-04T10:19:57-05:00,2,21
src/routes/contact/+page.svelte,12,svelte,395a9d86,Abigail,2024-03-04,10:19:57,-05:00,2024-03-04T10:19:57-05:00,0,5
src/lib/index.js,1,js,7772f86,Abigail,2024-03-03,20:33:26,-05:00,2024-03-03T20:33:26-05:00,0,72
src/lib/Project.svelte,1,svelte,5840c80f,Abigail,2024-03-20,15:48:38,-04:00,2024-03-20T15:48:38-04:00,0,34
src/lib/Project.svelte,2,svelte,5840c80f,Abigail,2024-03-20,15:48:38,-04:00,2024-03-20T15:48:38-04:00,0,0
src/lib/Project.svelte,3,svelte,a5482906,Abigail,2024-03-05,23:21:16,-05:00,2024-03-05T23:21:16-05:00,0,7
src/lib/Project.svelte,4,svelte,5840c80f,Abigail,2024-03-20,15:48:38,-04:00,2024-03-20T15:48:38-04:00,2,19
src/lib/Project.svelte,5,svelte,5840c80f,Abigail,2024-03-20,15:48:38,-04:00,2024-03-20T15:48:38-04:00,2,27
src/lib/Project.svelte,6,svelte,1a50f035,Abigail,2024-03-19,16:29:39,-04:00,2024-03-19T16:29:39-04:00,2,3
src/lib/Project.svelte,7,svelte,5840c80f,Abigail,2024-03-20,15:48:38,-04:00,2024-03-20T15:48:38-04:00,4,23
src/lib/Project.svelte,8,svelte,5840c80f,Abigail,2024-03-20,15:48:38,-04:00,2024-03-20T15:48:38-04:00,4,16
src/lib/Project.svelte,9,svelte,1a50f035,Abigail,2024-03-19,16:29:39,-04:00,2024-03-19T16:29:39-04:00,2,4
src/lib/Project.svelte,10,svelte,70c5a3eb,Abigail,2024-03-06,15:37:36,-05:00,2024-03-06T15:37:36-05:00,0,8
src/lib/Project.svelte,11,svelte,70c5a3eb,Abigail,2024-03-06,15:37:36,-05:00,2024-03-06T15:37:36-05:00,0,0
src/lib/Project.svelte,12,svelte,70c5a3eb,Abigail,2024-03-06,15:37:36,-05:00,2024-03-06T15:37:36-05:00,0,5
src/lib/Project.svelte,13,css,70c5a3eb,Abigail,2024-03-06,15:37:36,-05:00,2024-03-06T15:37:36-05:00,2,7
src/lib/Project.svelte,14,css,70c5a3eb,Abigail,2024-03-06,15:37:36,-05:00,2024-03-06T15:37:36-05:00,4,12
src/lib/Project.svelte,15,css,70c5a3eb,Abigail,2024-03-06,15:37:36,-05:00,2024-03-06T15:37:36-05:00,4,26
src/lib/Project.svelte,16,css,70c5a3eb,Abigail,2024-03-06,15:37:36,-05:00,2024-03-06T15:37:36-05:00,4,15
src/lib/Project.svelte,17,css,70c5a3eb,Abigail,2024-03-06,15:37:36,-05:00,2024-03-06T15:37:36-05:00,2,0
src/lib/Project.svelte,18,css,70c5a3eb,Abigail,2024-03-06,15:37:36,-05:00,2024-03-06T15:37:36-05:00,0,0
src/lib/Project.svelte,19,css,70c5a3eb,Abigail,2024-03-06,15:37:36,-05:00,2024-03-06T15:37:36-05:00,2,20
src/lib/Project.svelte,20,css,70c5a3eb,Abigail,2024-03-06,15:37:36,-05:00,2024-03-06T15:37:36-05:00,4,15
src/lib/Project.svelte,21,css,70c5a3eb,Abigail,2024-03-06,15:37:36,-05:00,2024-03-06T15:37:36-05:00,4,17
src/lib/Project.svelte,22,css,70c5a3eb,Abigail,2024-03-06,15:37:36,-05:00,2024-03-06T15:37:36-05:00,2,0
src/lib/Project.svelte,23,css,70c5a3eb,Abigail,2024-03-06,15:37:36,-05:00,2024-03-06T15:37:36-05:00,0,0
src/lib/Project.svelte,24,css,70c5a3eb,Abigail,2024-03-06,15:37:36,-05:00,2024-03-06T15:37:36-05:00,2,2
src/lib/Project.svelte,25,css,70c5a3eb,Abigail,2024-03-06,15:37:36,-05:00,2024-03-06T15:37:36-05:00,4,8
src/lib/Project.svelte,26,css,70c5a3eb,Abigail,2024-03-06,15:37:36,-05:00,2024-03-06T15:37:36-05:00,4,14
src/lib/Project.svelte,27,css,70c5a3eb,Abigail,2024-03-06,15:37:36,-05:00,2024-03-06T15:37:36-05:00,2,0
src/lib/Project.svelte,28,svelte,70c5a3eb,Abigail,2024-03-06,15:37:36,-05:00,2024-03-06T15:37:36-05:00,0,6
src/lib/Pie.svelte,1,svelte,1a50f035,Abigail,2024-03-19,16:29:39,-04:00,2024-03-19T16:29:39-04:00,0,6
src/lib/Pie.svelte,2,js,1a50f035,Abigail,2024-03-19,16:29:39,-04:00,2024-03-19T16:29:39-04:00,2,23
src/lib/Pie.svelte,3,js,1a50f035,Abigail,2024-03-19,16:29:39,-04:00,2024-03-19T16:29:39-04:00,0,0
src/lib/Pie.svelte,4,js,5840c80f,Abigail,2024-03-20,15:48:38,-04:00,2024-03-20T15:48:38-04:00,2,28
src/lib/Pie.svelte,5,js,1a50f035,Abigail,2024-03-19,16:29:39,-04:00,2024-03-19T16:29:39-04:00,2,19
src/lib/Pie.svelte,6,js,5840c80f,Abigail,2024-03-20,15:48:38,-04:00,2024-03-20T15:48:38-04:00,0,0
src/lib/Pie.svelte,7,js,5840c80f,Abigail,2024-03-20,15:48:38,-04:00,2024-03-20T15:48:38-04:00,2,57
src/lib/Pie.svelte,8,js,1a50f035,Abigail,2024-03-19,16:29:39,-04:00,2024-03-19T16:29:39-04:00,2,0
src/lib/Pie.svelte,9,js,1a50f035,Abigail,2024-03-19,16:29:39,-04:00,2024-03-19T16:29:39-04:00,2,16
src/lib/Pie.svelte,10,js,1a50f035,Abigail,2024-03-19,16:29:39,-04:00,2024-03-19T16:29:39-04:00,2,35
src/lib/Pie.svelte,11,js,1a50f035,Abigail,2024-03-19,16:29:39,-04:00,2024-03-19T16:29:39-04:00,2,36
src/lib/Pie.svelte,12,js,1a50f035,Abigail,2024-03-19,16:29:39,-04:00,2024-03-19T16:29:39-04:00,2,35
src/lib/Pie.svelte,13,js,1a50f035,Abigail,2024-03-19,16:29:39,-04:00,2024-03-19T16:29:39-04:00,2,34
src/lib/Pie.svelte,14,js,1a50f035,Abigail,2024-03-19,16:29:39,-04:00,2024-03-19T16:29:39-04:00,2,34
src/lib/Pie.svelte,15,js,1a50f035,Abigail,2024-03-19,16:29:39,-04:00,2024-03-19T16:29:39-04:00,2,36
src/lib/Pie.svelte,16,js,1a50f035,Abigail,2024-03-19,16:29:39,-04:00,2024-03-19T16:29:39-04:00,2,3
src/lib/Pie.svelte,17,js,1a50f035,Abigail,2024-03-19,16:29:39,-04:00,2024-03-19T16:29:39-04:00,0,0
src/lib/Pie.svelte,18,js,5840c80f,Abigail,2024-03-20,15:48:38,-04:00,2024-03-20T15:48:38-04:00,2,16
src/lib/Pie.svelte,19,js,1a50f035,Abigail,2024-03-19,16:29:39,-04:00,2024-03-19T16:29:39-04:00,2,48
src/lib/Pie.svelte,20,js,5840c80f,Abigail,2024-03-20,15:48:38,-04:00,2024-03-20T15:48:38-04:00,2,32
src/lib/Pie.svelte,21,js,5840c80f,Abigail,2024-03-20,15:48:38,-04:00,2024-03-20T15:48:38-04:00,2,42
src/lib/Pie.svelte,22,js,1a50f035,Abigail,2024-03-19,16:29:39,-04:00,2024-03-19T16:29:39-04:00,0,0
src/lib/Pie.svelte,23,js,1a50f035,Abigail,2024-03-19,16:29:39,-04:00,2024-03-19T16:29:39-04:00,2,47
src/lib/Pie.svelte,24,js,1a50f035,Abigail,2024-03-19,16:29:39,-04:00,2024-03-19T16:29:39-04:00,0,0
src/lib/Pie.svelte,25,js,5840c80f,Abigail,2024-03-20,15:48:38,-04:00,2024-03-20T15:48:38-04:00,2,35
src/lib/Pie.svelte,26,js,5840c80f,Abigail,2024-03-20,15:48:38,-04:00,2024-03-20T15:48:38-04:00,4,40
src/lib/Pie.svelte,27,js,5840c80f,Abigail,2024-03-20,15:48:38,-04:00,2024-03-20T15:48:38-04:00,6,53
src/lib/Pie.svelte,28,js,5840c80f,Abigail,2024-03-20,15:48:38,-04:00,2024-03-20T15:48:38-04:00,4,0
src/lib/Pie.svelte,29,js,5840c80f,Abigail,2024-03-20,15:48:38,-04:00,2024-03-20T15:48:38-04:00,2,0
src/lib/Pie.svelte,30,js,5840c80f,Abigail,2024-03-20,15:48:38,-04:00,2024-03-20T15:48:38-04:00,0,0
src/lib/Pie.svelte,31,svelte,1a50f035,Abigail,2024-03-19,16:29:39,-04:00,2024-03-19T16:29:39-04:00,0,7
src/lib/Pie.svelte,32,svelte,1a50f035,Abigail,2024-03-19,16:29:39,-04:00,2024-03-19T16:29:39-04:00,0,0
src/lib/Pie.svelte,33,svelte,1a50f035,Abigail,2024-03-19,16:29:39,-04:00,2024-03-19T16:29:39-04:00,0,0
src/lib/Pie.svelte,34,svelte,5840c80f,Abigail,2024-03-20,15:48:38,-04:00,2024-03-20T15:48:38-04:00,0,21
src/lib/Pie.svelte,35,svelte,5840c80f,Abigail,2024-03-20,15:48:38,-04:00,2024-03-20T15:48:38-04:00,2,29
src/lib/Pie.svelte,36,svelte,5840c80f,Abigail,2024-03-20,15:48:38,-04:00,2024-03-20T15:48:38-04:00,4,20
src/lib/Pie.svelte,37,svelte,5840c80f,Abigail,2024-03-20,15:48:38,-04:00,2024-03-20T15:48:38-04:00,6,28
src/lib/Pie.svelte,38,svelte,5840c80f,Abigail,2024-03-20,15:48:38,-04:00,2024-03-20T15:48:38-04:00,8,34
src/lib/Pie.svelte,39,svelte,5840c80f,Abigail,2024-03-20,15:48:38,-04:00,2024-03-20T15:48:38-04:00,8,31
src/lib/Pie.svelte,40,svelte,5840c80f,Abigail,2024-03-20,15:48:38,-04:00,2024-03-20T15:48:38-04:00,8,31
src/lib/Pie.svelte,41,svelte,5840c80f,Abigail,2024-03-20,15:48:38,-04:00,2024-03-20T15:48:38-04:00,8,47
src/lib/Pie.svelte,42,svelte,5840c80f,Abigail,2024-03-20,15:48:38,-04:00,2024-03-20T15:48:38-04:00,8,50
src/lib/Pie.svelte,43,svelte,5840c80f,Abigail,2024-03-20,15:48:38,-04:00,2024-03-20T15:48:38-04:00,0,42
src/lib/Pie.svelte,44,svelte,5840c80f,Abigail,2024-03-20,15:48:38,-04:00,2024-03-20T15:48:38-04:00,4,5
src/lib/Pie.svelte,45,svelte,5840c80f,Abigail,2024-03-20,15:48:38,-04:00,2024-03-20T15:48:38-04:00,2,4
src/lib/Pie.svelte,46,svelte,5840c80f,Abigail,2024-03-20,15:48:38,-04:00,2024-03-20T15:48:38-04:00,0,0
src/lib/Pie.svelte,47,svelte,5840c80f,Abigail,2024-03-20,15:48:38,-04:00,2024-03-20T15:48:38-04:00,2,17
src/lib/Pie.svelte,48,svelte,5840c80f,Abigail,2024-03-20,15:48:38,-04:00,2024-03-20T15:48:38-04:00,4,22
src/lib/Pie.svelte,49,svelte,5840c80f,Abigail,2024-03-20,15:48:38,-04:00,2024-03-20T15:48:38-04:00,6,57
src/lib/Pie.svelte,50,svelte,5840c80f,Abigail,2024-03-20,15:48:38,-04:00,2024-03-20T15:48:38-04:00,8,26
src/lib/Pie.svelte,51,svelte,5840c80f,Abigail,2024-03-20,15:48:38,-04:00,2024-03-20T15:48:38-04:00,8,28
src/lib/Pie.svelte,52,svelte,5840c80f,Abigail,2024-03-20,15:48:38,-04:00,2024-03-20T15:48:38-04:00,8,47
src/lib/Pie.svelte,53,svelte,5840c80f,Abigail,2024-03-20,15:48:38,-04:00,2024-03-20T15:48:38-04:00,6,3
src/lib/Pie.svelte,54,svelte,5840c80f,Abigail,2024-03-20,15:48:38,-04:00,2024-03-20T15:48:38-04:00,4,5
src/lib/Pie.svelte,55,svelte,5840c80f,Abigail,2024-03-20,15:48:38,-04:00,2024-03-20T15:48:38-04:00,2,3
src/lib/Pie.svelte,56,svelte,5840c80f,Abigail,2024-03-20,15:48:38,-04:00,2024-03-20T15:48:38-04:00,0,4
src/lib/Pie.svelte,57,svelte,5840c80f,Abigail,2024-03-20,15:48:38,-04:00,2024-03-20T15:48:38-04:00,0,0
src/lib/Pie.svelte,58,svelte,5840c80f,Abigail,2024-03-20,15:48:38,-04:00,2024-03-20T15:48:38-04:00,0,0
src/lib/Pie.svelte,59,svelte,1a50f035,Abigail,2024-03-19,16:29:39,-04:00,2024-03-19T16:29:39-04:00,0,5
src/lib/Pie.svelte,60,css,1a50f035,Abigail,2024-03-19,16:29:39,-04:00,2024-03-19T16:29:39-04:00,2,3
src/lib/Pie.svelte,61,css,1a50f035,Abigail,2024-03-19,16:29:39,-04:00,2024-03-19T16:29:39-04:00,0,14
src/lib/Pie.svelte,62,css,1a50f035,Abigail,2024-03-19,16:29:39,-04:00,2024-03-19T16:29:39-04:00,0,16
src/lib/Pie.svelte,63,css,1a50f035,Abigail,2024-03-19,16:29:39,-04:00,2024-03-19T16:29:39-04:00,0,61
src/lib/Pie.svelte,64,css,1a50f035,Abigail,2024-03-19,16:29:39,-04:00,2024-03-19T16:29:39-04:00,2,0
src/lib/Pie.svelte,65,css,1a50f035,Abigail,2024-03-19,16:29:39,-04:00,2024-03-19T16:29:39-04:00,0,0
src/lib/Pie.svelte,66,css,1a50f035,Abigail,2024-03-19,16:29:39,-04:00,2024-03-19T16:29:39-04:00,2,10
src/lib/Pie.svelte,67,css,1a50f035,Abigail,2024-03-19,16:29:39,-04:00,2024-03-19T16:29:39-04:00,4,12
src/lib/Pie.svelte,68,css,1a50f035,Abigail,2024-03-19,16:29:39,-04:00,2024-03-19T16:29:39-04:00,4,14
src/lib/Pie.svelte,69,css,1a50f035,Abigail,2024-03-19,16:29:39,-04:00,2024-03-19T16:29:39-04:00,4,8
src/lib/Pie.svelte,70,css,1a50f035,Abigail,2024-03-19,16:29:39,-04:00,2024-03-19T16:29:39-04:00,4,22
src/lib/Pie.svelte,71,css,1a50f035,Abigail,2024-03-19,16:29:39,-04:00,2024-03-19T16:29:39-04:00,4,7
src/lib/Pie.svelte,72,css,1a50f035,Abigail,2024-03-19,16:29:39,-04:00,2024-03-19T16:29:39-04:00,2,0
src/lib/Pie.svelte,73,css,1a50f035,Abigail,2024-03-19,16:29:39,-04:00,2024-03-19T16:29:39-04:00,0,0
src/lib/Pie.svelte,74,css,1a50f035,Abigail,2024-03-19,16:29:39,-04:00,2024-03-19T16:29:39-04:00,2,7
src/lib/Pie.svelte,75,css,1a50f035,Abigail,2024-03-19,16:29:39,-04:00,2024-03-19T16:29:39-04:00,4,15
src/lib/Pie.svelte,76,css,1a50f035,Abigail,2024-03-19,16:29:39,-04:00,2024-03-19T16:29:39-04:00,4,11
src/lib/Pie.svelte,77,css,1a50f035,Abigail,2024-03-19,16:29:39,-04:00,2024-03-19T16:29:39-04:00,4,10
src/lib/Pie.svelte,78,css,1a50f035,Abigail,2024-03-19,16:29:39,-04:00,2024-03-19T16:29:39-04:00,4,6
src/lib/Pie.svelte,79,css,1a50f035,Abigail,2024-03-19,16:29:39,-04:00,2024-03-19T16:29:39-04:00,4,57
src/lib/Pie.svelte,80,css,5840c80f,Abigail,2024-03-20,15:48:38,-04:00,2024-03-20T15:48:38-04:00,4,22
src/lib/Pie.svelte,81,css,1a50f035,Abigail,2024-03-19,16:29:39,-04:00,2024-03-19T16:29:39-04:00,4,11
src/lib/Pie.svelte,82,css,5840c80f,Abigail,2024-03-20,15:48:38,-04:00,2024-03-20T15:48:38-04:00,4,15
src/lib/Pie.svelte,83,css,1a50f035,Abigail,2024-03-19,16:29:39,-04:00,2024-03-19T16:29:39-04:00,2,0
src/lib/Pie.svelte,84,css,1a50f035,Abigail,2024-03-19,16:29:39,-04:00,2024-03-19T16:29:39-04:00,0,0
src/lib/Pie.svelte,85,css,1a50f035,Abigail,2024-03-19,16:29:39,-04:00,2024-03-19T16:29:39-04:00,2,11
src/lib/Pie.svelte,86,css,1a50f035,Abigail,2024-03-19,16:29:39,-04:00,2024-03-19T16:29:39-04:00,4,12
src/lib/Pie.svelte,87,css,1a50f035,Abigail,2024-03-19,16:29:39,-04:00,2024-03-19T16:29:39-04:00,4,18
src/lib/Pie.svelte,88,css,1a50f035,Abigail,2024-03-19,16:29:39,-04:00,2024-03-19T16:29:39-04:00,4,7
src/lib/Pie.svelte,89,css,1a50f035,Abigail,2024-03-19,16:29:39,-04:00,2024-03-19T16:29:39-04:00,2,0
src/lib/Pie.svelte,90,css,1a50f035,Abigail,2024-03-19,16:29:39,-04:00,2024-03-19T16:29:39-04:00,0,0
src/lib/Pie.svelte,91,css,1a50f035,Abigail,2024-03-19,16:29:39,-04:00,2024-03-19T16:29:39-04:00,2,7
src/lib/Pie.svelte,92,css,1a50f035,Abigail,2024-03-19,16:29:39,-04:00,2024-03-19T16:29:39-04:00,4,9
src/lib/Pie.svelte,93,css,1a50f035,Abigail,2024-03-19,16:29:39,-04:00,2024-03-19T16:29:39-04:00,4,10
src/lib/Pie.svelte,94,css,1a50f035,Abigail,2024-03-19,16:29:39,-04:00,2024-03-19T16:29:39-04:00,4,29
src/lib/Pie.svelte,95,css,1a50f035,Abigail,2024-03-19,16:29:39,-04:00,2024-03-19T16:29:39-04:00,4,19
src/lib/Pie.svelte,96,css,1a50f035,Abigail,2024-03-19,16:29:39,-04:00,2024-03-19T16:29:39-04:00,4,16
src/lib/Pie.svelte,97,css,1a50f035,Abigail,2024-03-19,16:29:39,-04:00,2024-03-19T16:29:39-04:00,4,17
src/lib/Pie.svelte,98,css,1a50f035,Abigail,2024-03-19,16:29:39,-04:00,2024-03-19T16:29:39-04:00,4,25
src/lib/Pie.svelte,99,css,1a50f035,Abigail,2024-03-19,16:29:39,-04:00,2024-03-19T16:29:39-04:00,2,0
src/lib/Pie.svelte,100,css,1a50f035,Abigail,2024-03-19,16:29:39,-04:00,2024-03-19T16:29:39-04:00,0,0
src/lib/Pie.svelte,101,css,5840c80f,Abigail,2024-03-20,15:48:38,-04:00,2024-03-20T15:48:38-04:00,2,39
src/lib/Pie.svelte,102,css,5840c80f,Abigail,2024-03-20,15:48:38,-04:00,2024-03-20T15:48:38-04:00,4,32
src/lib/Pie.svelte,103,css,5840c80f,Abigail,2024-03-20,15:48:38,-04:00,2024-03-20T15:48:38-04:00,6,11
src/lib/Pie.svelte,104,css,5840c80f,Abigail,2024-03-20,15:48:38,-04:00,2024-03-20T15:48:38-04:00,4,0
src/lib/Pie.svelte,105,css,5840c80f,Abigail,2024-03-20,15:48:38,-04:00,2024-03-20T15:48:38-04:00,2,0
src/lib/Pie.svelte,106,css,1a50f035,Abigail,2024-03-19,16:29:39,-04:00,2024-03-19T16:29:39-04:00,0,0
src/lib/Pie.svelte,107,css,5840c80f,Abigail,2024-03-20,15:48:38,-04:00,2024-03-20T15:48:38-04:00,2,4
src/lib/Pie.svelte,108,css,5840c80f,Abigail,2024-03-20,15:48:38,-04:00,2024-03-20T15:48:38-04:00,4,33
src/lib/Pie.svelte,109,css,5840c80f,Abigail,2024-03-20,15:48:38,-04:00,2024-03-20T15:48:38-04:00,0,11
src/lib/Pie.svelte,110,css,5840c80f,Abigail,2024-03-20,15:48:38,-04:00,2024-03-20T15:48:38-04:00,0,34
src/lib/Pie.svelte,111,css,1a50f035,Abigail,2024-03-19,16:29:39,-04:00,2024-03-19T16:29:39-04:00,0,0
src/lib/Pie.svelte,112,css,5840c80f,Abigail,2024-03-20,15:48:38,-04:00,2024-03-20T15:48:38-04:00,4,16
src/lib/Pie.svelte,113,css,5840c80f,Abigail,2024-03-20,15:48:38,-04:00,2024-03-20T15:48:38-04:00,4,12
src/lib/Pie.svelte,114,css,5840c80f,Abigail,2024-03-20,15:48:38,-04:00,2024-03-20T15:48:38-04:00,4,51
src/lib/Pie.svelte,115,css,5840c80f,Abigail,2024-03-20,15:48:38,-04:00,2024-03-20T15:48:38-04:00,0,55
src/lib/Pie.svelte,116,css,1a50f035,Abigail,2024-03-19,16:29:39,-04:00,2024-03-19T16:29:39-04:00,0,0
src/lib/Pie.svelte,117,css,5840c80f,Abigail,2024-03-20,15:48:38,-04:00,2024-03-20T15:48:38-04:00,4,10
src/lib/Pie.svelte,118,css,5840c80f,Abigail,2024-03-20,15:48:38,-04:00,2024-03-20T15:48:38-04:00,6,33
src/lib/Pie.svelte,119,css,5840c80f,Abigail,2024-03-20,15:48:38,-04:00,2024-03-20T15:48:38-04:00,10,14
src/lib/Pie.svelte,120,css,5840c80f,Abigail,2024-03-20,15:48:38,-04:00,2024-03-20T15:48:38-04:00,10,34
src/lib/Pie.svelte,121,css,5840c80f,Abigail,2024-03-20,15:48:38,-04:00,2024-03-20T15:48:38-04:00,3,0
src/lib/Pie.svelte,122,css,5840c80f,Abigail,2024-03-20,15:48:38,-04:00,2024-03-20T15:48:38-04:00,0,0
src/lib/Pie.svelte,123,css,5840c80f,Abigail,2024-03-20,15:48:38,-04:00,2024-03-20T15:48:38-04:00,0,0
src/lib/Pie.svelte,124,css,5840c80f,Abigail,2024-03-20,15:48:38,-04:00,2024-03-20T15:48:38-04:00,2,0
src/lib/Pie.svelte,125,css,5840c80f,Abigail,2024-03-20,15:48:38,-04:00,2024-03-20T15:48:38-04:00,0,0
src/lib/Pie.svelte,126,css,5840c80f,Abigail,2024-03-20,15:48:38,-04:00,2024-03-20T15:48:38-04:00,2,9
src/lib/Pie.svelte,127,css,5840c80f,Abigail,2024-03-20,15:48:38,-04:00,2024-03-20T15:48:38-04:00,4,35
src/lib/Pie.svelte,128,css,5840c80f,Abigail,2024-03-20,15:48:38,-04:00,2024-03-20T15:48:38-04:00,0,0
src/lib/Pie.svelte,129,css,5840c80f,Abigail,2024-03-20,15:48:38,-04:00,2024-03-20T15:48:38-04:00,4,10
src/lib/Pie.svelte,130,css,5840c80f,Abigail,2024-03-20,15:48:38,-04:00,2024-03-20T15:48:38-04:00,6,17
src/lib/Pie.svelte,131,css,5840c80f,Abigail,2024-03-20,15:48:38,-04:00,2024-03-20T15:48:38-04:00,4,0
src/lib/Pie.svelte,132,css,5840c80f,Abigail,2024-03-20,15:48:38,-04:00,2024-03-20T15:48:38-04:00,2,0
src/lib/Pie.svelte,133,css,1a50f035,Abigail,2024-03-19,16:29:39,-04:00,2024-03-19T16:29:39-04:00,0,0
src/lib/Pie.svelte,134,svelte,5840c80f,Abigail,2024-03-20,15:48:38,-04:00,2024-03-20T15:48:38-04:00,0,6
